{
  "accuracy": [
    0.09383057057857513,
    0.10543277859687805,
    0.10543277859687805,
    0.11243093758821487,
    0.11372007429599762,
    0.1209023967385292,
    0.12117863446474075,
    0.12338858097791672,
    0.12476979941129684,
    0.1280847191810608,
    0.12532228231430054,
    0.12891344726085663,
    0.13342541456222534,
    0.1306629776954651,
    0.1295580118894577,
    0.1315837949514389,
    0.1276243031024933,
    0.1275322288274765,
    0.13093923032283783,
    0.14051565527915955,
    0.14263351261615753,
    0.13692449033260345,
    0.13738489151000977,
    0.13802947103977203,
    0.1382136344909668,
    0.14217311143875122,
    0.15055248141288757,
    0.15027624368667603,
    0.14456722140312195,
    0.15303868055343628,
    0.14502762258052826,
    0.14613260328769684,
    0.14604051411151886,
    0.15580110251903534
  ],
  "val_accuracy": [
    0.07993124425411224,
    0.0790717676281929,
    0.08465836197137833,
    0.09798023104667664,
    0.0971207544207573,
    0.10055866092443466,
    0.10098839551210403,
    0.116458959877491,
    0.11087236553430557,
    0.10657498985528946,
    0.10872367769479752,
    0.10915341973304749,
    0.10098839551210403,
    0.10270734876394272,
    0.11302106082439423,
    0.11860764771699905,
    0.1194671243429184,
    0.12075633555650711,
    0.11559948325157166,
    0.11087236553430557,
    0.1104426309466362,
    0.11302106082439423,
    0.11602922528982162,
    0.12032660096883774,
    0.11559948325157166,
    0.10700472444295883,
    0.10915341973304749,
    0.12075633555650711,
    0.11302106082439423,
    0.11173184216022491,
    0.11087236553430557,
    0.11431027203798294,
    0.11602922528982162,
    0.11474000662565231
  ],
  "loss": [
    3.430168390274048,
    3.2007834911346436,
    3.061277389526367,
    2.963273048400879,
    2.887462854385376,
    2.819822311401367,
    2.7886276245117188,
    2.721461772918701,
    2.6961567401885986,
    2.6611790657043457,
    2.6485791206359863,
    2.628586530685425,
    2.596989870071411,
    2.5905439853668213,
    2.561497449874878,
    2.5359082221984863,
    2.560659170150757,
    2.5222249031066895,
    2.5098023414611816,
    2.496716260910034,
    2.4850780963897705,
    2.4867794513702393,
    2.4766647815704346,
    2.457784414291382,
    2.458381414413452,
    2.441300868988037,
    2.4467809200286865,
    2.430196762084961,
    2.4221549034118652,
    2.4089717864990234,
    2.412285089492798,
    2.418797492980957,
    2.4189651012420654,
    2.401632308959961
  ],
  "val_loss": [
    3.1685433387756348,
    3.1624083518981934,
    3.207974672317505,
    3.066019296646118,
    2.9876086711883545,
    2.9735066890716553,
    2.866135835647583,
    2.8328607082366943,
    2.819211006164551,
    2.884798288345337,
    2.850273847579956,
    2.793443441390991,
    2.8194899559020996,
    2.820701837539673,
    2.778332233428955,
    2.7744381427764893,
    2.753706693649292,
    2.74377179145813,
    2.7766034603118896,
    2.785088062286377,
    2.7253129482269287,
    2.8081374168395996,
    2.731398820877075,
    2.7241830825805664,
    2.7326695919036865,
    2.8334288597106934,
    2.7913806438446045,
    2.74762225151062,
    2.7603938579559326,
    2.7846853733062744,
    2.78812575340271,
    2.762180805206299,
    2.7628891468048096,
    2.735226631164551
  ]
}